-- phpMyAdmin SQL Dump
-- version 4.5.1
-- http://www.phpmyadmin.net
--
-- Host: 127.0.0.1
-- Generation Time: 2016-03-03 02:26:02
-- 服务器版本： 10.1.8-MariaDB
-- PHP Version: 5.5.30

SET SQL_MODE = "NO_AUTO_VALUE_ON_ZERO";
SET time_zone = "+00:00";


/*!40101 SET @OLD_CHARACTER_SET_CLIENT=@@CHARACTER_SET_CLIENT */;
/*!40101 SET @OLD_CHARACTER_SET_RESULTS=@@CHARACTER_SET_RESULTS */;
/*!40101 SET @OLD_COLLATION_CONNECTION=@@COLLATION_CONNECTION */;
/*!40101 SET NAMES utf8mb4 */;

--
-- Database: `onlinecheck`
--

-- --------------------------------------------------------

--
-- 表的结构 `pn_class`
--

CREATE TABLE `pn_class` (
  `classid` int(8) UNSIGNED NOT NULL,
  `classname` varchar(20) NOT NULL COMMENT '物种名称',
  `typeid` tinyint(1) NOT NULL COMMENT '1为鱼类；2为贝类；3为甲壳类；4为其他',
  `water` tinyint(1) NOT NULL COMMENT '1为淡水，0为海水',
  `diseasesid` varchar(100) NOT NULL COMMENT '每个物种的疾病',
  `date` timestamp NOT NULL DEFAULT CURRENT_TIMESTAMP ON UPDATE CURRENT_TIMESTAMP,
  `status` tinyint(1) NOT NULL DEFAULT '1' COMMENT '1为正常；2为删除',
  `isdel` timestamp NULL DEFAULT NULL
) ENGINE=MyISAM DEFAULT CHARSET=utf8;

--
-- 转存表中的数据 `pn_class`
--

INSERT INTO `pn_class` (`classid`, `classname`, `typeid`, `water`, `diseasesid`, `date`, `status`, `isdel`) VALUES
(1, '鲢鱼', 1, 1, '', '2016-01-19 00:51:28', 1, NULL),
(2, '黑鱼', 1, 1, '', '2016-01-19 00:51:28', 1, NULL),
(3, '鲤鱼', 1, 1, '', '2016-01-19 00:52:02', 1, NULL),
(4, '鳙鱼', 1, 1, '', '2016-01-19 00:52:02', 1, NULL),
(5, '牡蛎', 2, 0, '', '2016-01-19 00:55:29', 1, NULL),
(6, '海参', 4, 1, '', '2016-01-19 00:54:01', 1, NULL),
(7, '对虾', 3, 0, '', '2016-01-19 00:55:20', 1, NULL),
(8, '河蟹', 3, 1, '', '2016-01-19 00:54:44', 1, NULL),
(9, '牛蛙', 4, 1, '', '2016-01-19 00:56:29', 1, NULL),
(10, '扇贝', 3, 0, '', '2016-01-19 00:56:29', 1, NULL),
(11, '河蚌', 2, 1, '', '2016-01-19 00:58:43', 1, NULL),
(12, '鲍', 2, 0, '', '2016-01-19 00:58:43', 1, NULL),
(13, '大黄鱼', 1, 0, '', '2016-02-25 07:11:46', 1, NULL),
(18, 'mv', 3, 0, '', '2016-02-26 07:54:28', 1, '2016-02-26 07:54:28'),
(17, '带鱼', 1, 0, '', '2016-02-25 07:46:11', 1, NULL);

-- --------------------------------------------------------

--
-- 表的结构 `pn_diseases`
--

CREATE TABLE `pn_diseases` (
  `id` int(8) UNSIGNED NOT NULL,
  `name` varchar(20) NOT NULL,
  `pId` varchar(20) NOT NULL,
  `typeid` varchar(2) NOT NULL,
  `type` varchar(20) NOT NULL,
  `content` text NOT NULL,
  `status` tinyint(1) NOT NULL DEFAULT '1',
  `isdel` timestamp NULL DEFAULT NULL,
  `date` timestamp NOT NULL DEFAULT CURRENT_TIMESTAMP
) ENGINE=MyISAM DEFAULT CHARSET=utf8;

--
-- 转存表中的数据 `pn_diseases`
--

INSERT INTO `pn_diseases` (`id`, `name`, `pId`, `typeid`, `type`, `content`, `status`, `isdel`, `date`) VALUES
(1, '草鱼出血病', '病毒病', '1', '鱼类', '1、病原\r\n草鱼出血病病毒（呼肠孤病毒）、小核糖核酸病毒。\r\n2、主要危害对象\r\n草鱼鱼种及1足龄青鱼。\r\n3、主要症状\r\n病鱼体表、肌肉、内脏充血、出血。\r\n4、流行情况\r\n主要在我国中部及南方各省流行，在水温高于20℃时流行，25~28℃为流行高峰。\r\n5、预防措施\r\n（1）目前无有效的药物用于治疗，最有效的控制措施是注射草鱼出血病灭活疫苗或草鱼出血病活（减毒）疫苗，也有部分地区使用组织浆灭活疫苗。\r\n（2）对草鱼苗种场、良种场实施防疫条件审核、苗种生产许可管理制度。\r\n（3）加强水源消毒，对繁殖用的鱼卵和亲鱼、引进的鱼苗及相应设施等进行严格消毒，可切断传染源，减少病毒感染的概率。\r\n（4）加强疫病监测，掌握流行病学情况。\r\n（5）培育或引进抗病品种，提高抗病能力。\r\n（6）每15d使用1次高碘酸钠溶液1%（g/g）、5%（g/g）、10%（g/g）300～500倍水稀释液全池均匀泼洒，每立方米水体量为0.015～0.02克。对预防和控制疾病有一定作用。\r\n6、处理 发现患病鱼必须销毁，并对养殖水体、工具、运输工具及周围的场地进行消毒。\r\n7、划区管理 根据水域和流域情况及自然屏障进行，并对其实施区域管理', 1, NULL, '2016-02-25 08:24:29'),
(2, '传染性胰脏坏死病', '病毒病', '1', '鱼类', '1、病原\r\n传染性胰脏坏死病毒\r\n2、主要危害对象\r\n美洲红点鲑、虹鳟、河鳟、克氏鲑、银大麻哈鱼等\r\n3、主要症状\r\n肛门处拖一条灰白色黏液便，狂游、翻滚、旋转，体表及鳍充血、突眼有腹水。\r\n4、流行情况\r\n幼鱼从开口吃食起到3个月内为发病高峰期，在水温10~14℃时流行。\r\n5、预防措施\r\n（1）加强综合预防措施，严格执行检疫制度，不将带传染性胰脏坏死病毒的鱼卵、鱼苗、鱼种及亲鱼输出或运入。\r\n（2）发现患病鱼必须销毁，并对养殖水体、工具、运输工具及周围的场地进行消毒。\r\n（3）对受精鱼卵进行消毒处理，杀灭附着在卵子表面的病毒，阻断垂直传播的途径。', 1, NULL, '2016-02-25 08:24:29'),
(3, '白云病', '细菌病', '1', '鱼类', '1、病原\r\n恶臭假单胞菌、洋葱假单胞菌、荧光假单胞菌。\r\n2、主要危害对象\r\n鲤。\r\n3、主要症状\r\n最初体表有点白色粘液物，严重时好似全身布满一片白云。\r\n4、流行情况\r\n流行于水温6~18℃，并稍有流水、水质清瘦、溶氧充足的网箱养鲤及流水越冬池中。\r\n5、预防措施\r\n（1）应选择健壮、未受伤的鱼种，放养前鱼种用盐水等进行浸泡。\r\n（2）加强饲养管理，增强鱼体抵抗力，尽量缩短越冬停食期。\r\n（3）用季铵盐类消毒水体。每立方米水体使用5%苯扎溴铵溶液2~3ml,稀释300~500倍后全池泼洒。\r\n6、治疗方法\r\n（1）使用中草药进行治疗。\r\n（2）使用喹诺酮类药物进行治疗：每千克体重每日1次拌饵投喂烟酸、诺氟沙星粉[规格为（以诺氟沙星计）10%]15~20 mg；连用3~5d;或其他国家规定的水产养殖用抗菌药物，但必须对症、对因使用。', 1, NULL, '2016-02-25 08:24:29'),
(4, '水霉病', '真菌病', '1', '鱼类', '1、病原\r\n水霉、绵霉等。\r\n2、主要危害对象\r\n各种受伤的鱼及卵。\r\n3、主要症状\r\n严重时呈灰白色棉毛状，卵呈“太阳籽”。\r\n4、流行情况\r\n水霉在淡水水域中广泛存在，对温度的适应范围极广， 5～30℃均可生长繁殖，水霉、绵霉的繁殖适温为13～18℃。\r\n5、预防措施\r\n（1）除去池底过多的淤泥，并用200mg/l的生石灰或20mg/l的漂白粉消毒。\r\n（2）加强饲养管理，提高鱼体抗病力，尽可能避免鱼体受伤。\r\n（3）亲鱼在人工繁殖时受伤后，可在伤处涂抹10%的高锰酸钾水溶液等。\r\n（4）加强亲鱼培育，提高鱼卵受精率，选择晴朗天气进行繁殖。\r\n（5）鱼巢洗净后进行煮沸消毒（棕榈片做的鱼巢），或用盐、漂白粉等药物消毒（聚草、金鱼藻等做的鱼巢）\r\n（6）产卵池及孵化用具进行清洗消毒\r\n（7）采用淋水孵化，可减少水霉的发生。\r\n（8）鱼巢上黏附的鱼卵不能过多，以免压在下面的鱼卵因得不到足够氧气而窒息死亡，感染水霉后再进一步危及健康的鱼卵。\r\n6、治疗方法该病目前尚无理想的治疗方法，只有在患病早期及时处理才有一定效果。\r\n外用药：\r\n（1）选用国家规定的水产养殖用对真菌具有杀灭作用的含碘消毒剂，如聚维酮碘溶液；或用8mg/l的食盐与小苏打合剂（1：1）全池泼洒。\r\n（2）白仔鳗在患病早期，可将水温升高到25～26℃，多数可治愈。\r\n内服：内服抗细菌的药物（如黄胺类等），防止细菌寄发感染。', 1, NULL, '2016-02-25 08:24:29'),
(5, '淀粉卵涡鞭虫病', '寄生虫病', '1', '鱼类', '1、病原\r\n嗜酸性卵涡鞭虫。\r\n2、主要危害对象\r\n草、青、鲢、鳙、鲤、南方鮎的苗种，有时大鱼也患病。\r\n3、主要症状\r\n    鱼在池中拥挤成团，体表有许多小白点，严重时象裹了一层米粉。\r\n4、流行情况\r\n    该病流行于江西、广东、福建等地，水温22~32℃，以5~6月发病为多。\r\n5、预防措施\r\n（1）繁殖用的亲鱼先认真检查，如发现携带病原，应先用淡水处理后再留用。\r\n（2）苗种放养（特别是从外地购买的苗种），或转换养殖池塘、网箱时，用淡水处理后再放养到新的水体内。\r\n（3）如投喂鲜活小杂鱼，先用淡水浸洗5~8min后再投喂。\r\n（4）保持水质清新，勿使硝酸盐含量过高。\r\n6、治疗方法\r\n（1）淡水浸洗病鱼2~3min，大多数营养体可以脱落，但有些可能在鳃的黏液内，受不到淡水的影响，以后仍能形成包囊进行繁殖，所以隔3~4d后应重复治疗1次。\r\n（2）硫酸铜全池泼洒，使池水呈0.8~1.2mg/l的浓度；或浓度为10~12 mg/l, 浸洗10~15min,每日1次，连用3~4次。', 1, NULL, '2016-02-25 08:24:29'),
(6, '浮头和泛池', '非寄生性疾病及病因不明疾病', '1', '鱼类', '1、病因\r\n水中含氧量较低，缺氧引起。有时即使溶氧充足，当水中二氧化碳含量过高，影响水产动物血液中二氧化碳的放出，使中枢神经系统麻痹，水产动物也难以从水中吸取氧气。\r\n2、主要症状\r\n引起浮头、泛池，窒息死亡。\r\n3、流行情况\r\n夏季，北方越冬鱼池易发生。\r\n4、预防方法\r\n（1）清池时挖除池底污泥。\r\n（2）放养密度和搭配比例要适宜。\r\n（3）投饵要适量、定时、定位，以免过多残饵在水中腐烂分解，消耗溶解氧，污染水质。剩余的饵料残渣，要及时清除。在闷热的夏天，应减少投饵量。\r\n（4）采用施肥养殖时，应施发酵有机肥，且根据气候、水质等情况，掌握施肥量，不使水质过肥，少量多次为宜。同时，在夏季一般以施无机肥为好。\r\n（5）在夏、秋高温季节，特别是闷热无风或有大雾的天气，应加注清水，在中午开动増氧机，在半夜以后至天亮以前的时间内应加强巡塘，发现浮头要及时抢救。\r\n（6）当越冬池水面结有一层厚冰时，可在冰上打几个洞，或用生物增肥法施肥法増氧，或开动増氧机。\r\n（7）发现浮头后最好的解救办法是，立即灌注新水，开动増养机或送气。\r\n（8）如果没有増氧机及无法加水的地方，可以喷洒増氧剂，如过氧化氢、过碳酸钠等。', 1, NULL, '2016-02-25 08:24:29'),
(7, '白斑综合症', '病毒病', '2', '甲壳类', '1、病原\r\n白斑综合症病毒。\r\n2、主要危害对象\r\n    南美白对虾等多种对虾。\r\n3、主要症状\r\n    头胸甲内壁上有许多小白点或条纹，肝胰脏肿大或萎縮，血淋巴稀薄、浑浊、不凝，头胸甲易剥离。\r\n4、流行情况\r\n20世纪90年代初，该病首先出现出现于日本及我国台湾、广东、福建等地，随后扩散并遍及亚洲主要对虾养殖国家和地区。几年后蔓延到南北美洲，造成全球性的对虾养殖业损失。一般虾池发病后2~3d，最多不足1周时间可致全池死亡。\r\n5、预防措施\r\n（1）繁殖时选用经检疫不带病原的健康虾作为亲虾。\r\n（2）做好水体消毒：每立方米水体使用1.8%~2.0%（活性碘）复合碘溶液0.1ml,或每667㎡水体（水深1m）用66.7ml对水后全池泼洒。\r\n（3）做好养殖池塘的清淤和消毒：用生石灰或含氯消毒剂均匀泼洒全池，消毒后应曝晒1周左右，然后进水。养殖过程中合理用手，陪好水色，保持优良水质。在养虾池中适当混养一些摄食浮游生物或底栖藻类的鱼或贝类，有利于防止水质过肥，起净化水质的作用。\r\n（4）放养密度要合理：对虾的放养密度、应根据当地水源、海域环境、虾池的结构和设备、生产技术、管理经验、虾苗的规格、饲料的质和量等条件而定。饲养管理过程中，要注意水质及各种理化因子的变化，保持水体的相对稳定；坚持巡塘，定期检查，正确诊断，积极预防。\r\n6、控制 对苗种场、良种场实施防疫条件审核、苗种生产许可管理制度。加强疫病监测与检疫，掌握流行病学情况。可通过培育或引进抗病品种、切断传染源以及加强饲养管理等综合措施控制本病。\r\n7、处理 苗种繁殖场内WSSV检疫呈阳性的亲虾和苗种应全部扑杀；病毒阳性的种用和商品养殖虾必须进行无害化处理，禁止用于繁殖育苗、放流或直接作为水产饵料使用。\r\n8、划区管理 根据水域和流域的自然隔离情况划区，并对其实施区域管理。', 1, NULL, '2016-02-25 08:24:29'),
(8, '河蟹腹水病', '细菌病', '2', '甲壳类', '1、病原\r\n    嗜水气单胞菌、拟态弧菌。\r\n2、主要危害对象\r\n    中华绒鳌蟹。\r\n3、主要症状\r\n    有大量腹水，肝脏坏死萎縮，变成淡黄色或灰白色，鳃排列不整齐，缺损，呈灰褐色或黑色，步足肌肉萎縮有水，心跳乏力。\r\n4、流行情况\r\n    全国各养蟹地区均有发生，1龄幼蟹至成蟹均受害，在长江流域于5~11月均有发生，其中以7~9月为严重。\r\n5、预防措施\r\n（1）为河蟹生长营造一个良好的生态环境。如有独立的进水、排水渠道；清除池底过多淤泥，经过暴晒、冰冻后再用生石灰进行消毒；种好水草；定期外泼生石灰；成蟹塘可以混养少量白鲢、花鲢的夏花鱼种及螺蛳等，以清除池底及水中的残饲、过多的浮游生物。\r\n（2）必须将河蟹养得健壮，提高河蟹自身的抵抗力。\r\n（3）努力减少和消灭病原。如蟹池及工具必须进行消毒，尤其是发过病的塘及发病塘用过的工具一定要消毒；严格执行检疫制度，不从疫区购入蟹种；疾病流行季节进行药物预防。\r\n6、治疗方法\r\n采取三步曲治疗方法\r\n第一步：先杀虫。\r\n第二步：外泼消毒药及内服药饲相结合，将蟹体内外及水体中的病原菌同时杀灭。\r\n第三步：在停药后2天，全池外泼生石灰，将池水调成弱碱性、适合河蟹生长。并进一步加强饲养管理，使河蟹尽快康复，健康成长。', 1, NULL, '2016-02-25 08:24:29'),
(9, '链壶菌病', '真菌病', '2', '甲壳类', '1、病原\r\n    链壶菌、离壶菌、海壶菌。\r\n2、主要危害对象\r\n    虾、蟹的卵及幼体。\r\n3、主要症状\r\n    严重时幼体呈灰白色，不透明，趋光性差；卵不透明、小、呈褐色或淡色、不能孵化。\r\n4、流行情况\r\n在虾、蟹育苗地区都有发生，主要危害卵及幼体，尤其是蚤状幼体。在发现后，如不及时采取措施，可使全池幼体在1~2天内全部死亡。\r\n5、目前无国家规定的水产养殖用针对该病的药物，只能采取预防措施。具体是：\r\n（1）育苗前池塘应彻底消毒，特别是已经发生过真菌病的育苗池，再次使用前更应严格消毒。\r\n（2）产卵亲虾在产卵前，先用聚维酮碘溶液0.5~1mg/l浓度浸洗30min。\r\n（3）进入育苗池的水，应先进行砂滤。\r\n（4）发病池塘使用过的工具，必须消毒后才能再用于其他池塘。', 1, NULL, '2016-02-25 08:24:29'),
(10, '微孢子虫病', '寄生虫病', '2', '甲壳类', '1、病原\r\n    微粒子虫，特汉虫，匹里虫。\r\n2、主要危害对象\r\n   虾、蟹。\r\n3、主要症状\r\n    寄生处形成白斑。\r\n4、流行情况\r\n在广东和广西是一种常见的和危害较大的病，不仅在养殖对虾中发生，而且在野生对虾中也常发现。\r\n5、预防措施\r\n发现受感染的虾或已病死的虾时，立即捞出并销毁，防止被健康的虾吞食或死虾腐败后微孢子虫的孢子散落在水中，扩大传播。养虾池在放养前应彻底清淤，并用含氯消毒剂或生石灰彻底消毒，对有发病史的池塘更应严格消毒。', 1, NULL, '2016-02-25 08:24:29'),
(11, '河蟹颤抖病', '非生物性及其他病因不明疾病', '2', '甲壳类', '1、病原\r\n该病的病原尚无定论，主流报道的病原有病毒和螺原体。在病毒性病原中，报道较多的有中华绒螯蟹呼肠孤病毒。\r\n2、主要危害对象\r\n中华绒鳌蟹。\r\n3、主要症状\r\n步足颤抖、环爪、爪尖着地，甚至倒立。\r\n4、流行情况\r\n全国养殖河蟹地区均有发生，从3月至11月均有发生，尤其是夏秋两季最为流行，从体重3克的蟹种至300多克的成蟹均患病。\r\n5、预防措施\r\n（1）加强疫病监测与检疫，掌握流行病学情况。\r\n（2）做好健康蟹种的选育。\r\n（3）建立良好的河蟹养殖生态环境，定期消毒水体，加强发病高峰前的消毒预防。\r\n6、控制\r\n（1）对发病蟹、死蟹就地加石灰深埋。\r\n（2）有发病史的河蟹禁止用于育苗、放流或直接作为水产饵料。染疫水体、用具要充分消毒。\r\n7、划区管理   根据水域和流域的自然隔离情况划区，并对其实施区域管理。', 1, NULL, '2016-02-25 08:24:29'),
(12, '三角帆蚌细菌病', '细菌病', '3', '贝类', '1、病原\r\n嗜水气单胞菌、河弧菌生物变种Ⅳ。\r\n2、主要危害对象\r\n    三角帆蚌。\r\n3、主要症状\r\n    大量粘液排出体外，喷水无力，两壳张开，晶杆体萎縮或消失，斧足外伸。\r\n4、流行情况\r\n易感动物为三角帆蚌，以2~4龄蚌最易受感染发病。4月中旬至10月均能发病，尤以6~8月为发病高峰期。\r\n5、预防措施\r\n（1）彻底清淤，并用200mg/l的生石灰或20mg/l的漂白粉消毒。\r\n（2）加强饲养管理，合理混养和密养，及时施肥和灌注清水，使池水保持肥而不爽，防止池水污浊。\r\n（3）不到疫区购买三角帆蚌。\r\n（4）选择健壮的蚌做手术蚌，提高插片技术，注意无菌操作。\r\n（5）发病季节，定期泼洒生石灰、漂白粉等药物。\r\n6、治疗方法 \r\n目前无国家规定的水产贝类养殖用抗菌类药物。但可用漂白粉挂袋水体消毒，或1mg/l全池泼洒。', 1, NULL, '2016-02-25 08:24:29'),
(13, '水螨病', '寄生虫病', '3', '贝类', '1、病原\r\n水螨。\r\n2、主要危害对象\r\n   三角帆蚌、褐纹冠蚌、背角无齿蚌、中国尖嵴蚌等。\r\n3、主要症状\r\n大量寄生时，组织受损，分泌大量粘液，呼吸困难。\r\n4、流行情况\r\n水温18~27.5℃及PH在6.5~7.5的水体内都有水蟎寄生。\r\n5、预防措施\r\n清除池底过多淤泥，并进行消毒。', 1, NULL, '2016-02-25 08:24:29'),
(14, '三角帆蚌瘟病', '病毒病', '3', '贝类', '1、病原\r\n    三角帆蚌瘟病病毒。\r\n2、主要危害对象\r\n    1足龄以上三角帆蚌。\r\n3、主要症状\r\n    喷水无力，排粪减少，贝壳不能紧闭，少量灰白色粘液附着在排水孔。\r\n4、流行情况\r\n是我国长江中下游淡水珍珠培养地区的一种严重疾病。集中流行于夏秋季节。\r\n5、预防措施\r\n（1）严格执行检疫制度，不从疫区购进母蚌及幼蚌，要从非疫区选购健壮的母蚌，在安全的水体中进行自繁自养。\r\n（2）清除水底过多淤泥，并用生石灰消毒，严格控制水源。\r\n（3）培养当地的插片人员，提高插片技术，严格无菌操作，用营养液滴小片，增加小片活力。\r\n（4）加强饲养管理，合理混养和密养，及时施肥和灌注清水，定期遍洒生石灰，保持池水弱碱性，水呈黄褐色或黄绿色，提高蚌体抵抗力。', 1, NULL, '2016-02-25 08:24:29'),
(15, '幼蚌贝壳穿孔病', '非寄生性疾病及病因不明疾病', '3', '贝类', '1、病因\r\n池水酸化。\r\n2、主要危害对象\r\n    吊养的幼蚌。\r\n3、主要症状\r\n幼蚌壳顶发白、穿孔而死。\r\n4、预防措施\r\n（1）在幼蚌培育池中混养鱼类的种类、数量及投饲量均应有利于幼蚌的生长。\r\n（2）加强饲养管理，经常洗刷培育幼蚌的容器，定期泼洒生石灰，保持池水弱碱性。\r\n（3）吊养幼蚌容器网目要大些（以幼蚌不漏出为准），底部要平坦，不要使幼蚌堆积起来。\r\n（4）最好能有微流水，泥沙要过筛。\r\n（5）经常检查幼蚌的生长情况，发现幼蚌的壳顶受蚀发白时，应及时排除池底水，洗刷容器，并泼1次生石灰。', 1, NULL, '2016-02-25 08:24:29'),
(16, ' 鳖细菌性败血症', '细菌病', '4', '其他', '1、病原\r\n    嗜温气单胞菌（包括嗜水气单胞菌、温和气单胞菌、豚鼠气单胞菌）、迟缓爱德华氏菌、脑膜炎败性黄杆菌等。\r\n2、主要危害对象\r\n    鳖。\r\n3、主要症状\r\n    体表严重充血、出血、口鼻流血水，全身肿胀，肝、脾、肾肿大，内脏充血。\r\n4、流行情况\r\n自刚出壳的幼鳖直至成鳖都可感染而患病，全国各地都有发生，发病率和死亡率都很高；一年四季都有发生，尤其是越冬后天气转暖及热天，常引起病鳖大批死亡。\r\n5、预防措施\r\n（1）养鳖场地、水体、工具、食台都要进行清扫、消毒。池底需先清除过多淤泥。\r\n（2）严格执行检疫制度。\r\n（3）培育优良、健壮的鳖种。\r\n（4）加强饲养管理，投喂营养全面、优质的饲料，保持环境优良、稳定，提高鳖体抵抗力。\r\n（5）注射灭活菌苗及基因工程疫苗进行预防。\r\n6、治疗方法\r\n（1）遍洒浓度为0.3mg/l三氯乙氰脲酸粉溶液；或其他含氯或含碘的消毒剂。泼2-3次，每次间隔1-2天。\r\n（2）同时内服药饲，在药敏试验基础上选择国标抗菌药，连用5-7天。\r\n（3）病情较重的鳖往往食欲很差，甚至拒食，对于这样的鳖应采取强迫用药的办法治疗。做法是在病鳖和后腿基部肌肉或腹腔注射；在体表溃烂和充血、出血处可以用药涂抹。经过注射和涂药的病鳖可在已消过毒的地方进行暂时隔离饲养，以便随时观察和再次用药。\r\n（4）疾病治愈后2天，应全池泼1次生石灰，将水调成弱碱性。再隔2天泼有益微生物，并继续做好预防工作。', 1, NULL, '2016-02-25 08:24:29'),
(17, '椎体虫病', '寄生虫病', '4', '其他', ' \r\n1、病原\r\n    椎体虫。\r\n2、主要危害对象\r\n鳖、龟。\r\n3、主要症状\r\n    无明显症状。\r\n4、流行情况\r\n全国各地都有发生，目前感染率和感染强度都不高。\r\n5、预防措施\r\n（1）清除池底过多淤泥，并进行消毒。\r\n（2）发现鳖、龟体表有水蛭要及时进行诱捕、杀灭。', 1, NULL, '2016-02-25 08:24:29'),
(18, ' 水霉病', '真菌病', '4', '其他', '1、病原\r\n    水霉。\r\n2、主要危害对象\r\n    受伤的鳖、龟、蛙。\r\n3、主要症状\r\n    体表有大量灰白色棉毛状物。\r\n4、流行情况\r\n全国各地都有发生，以稚鳖、稚龟、蝌蚪受害最大，尤其是在孵化后15天内的发病率最高；冬眠苏醒后1个月内，幼鳖、龟发病率也较高。流行于春秋两季。\r\n5、预防措施\r\n（1）用生石灰清塘、消毒。用0.01%腐熟经消毒的有机肥水遍洒，使池水变成嫩绿色，透明度在10～20cm,可有效地预防该病的发生。\r\n（2）鳖入池前，用3%～4%的食盐水浸洗5min左右。\r\n（3）在养殖、捕捉和运输过程中，应防止鳖受伤。\r\n（4）给鳖准备晒背台，若鳖经常进行晒背，可有效预防该病的发生。\r\n（5）发现病鳖或外伤鳖，应立即隔离，并用药物消毒处理。\r\n6、治疗方法\r\n（1）选用国家的水产养殖用对真菌具有杀灭作用的含碘消毒剂，如聚维酮碘溶液。\r\n（2）每日3次，每千克鳖体重每次用0.1～0.2g五倍子末拌饵投喂。', 1, NULL, '2016-02-25 08:24:29'),
(19, '蛙肠胃炎病', '非寄生性疾病及病因不明疾病', '4', '其他', '1、病原\r\n细菌未鉴定。\r\n2、主要危害对象\r\n    牛蛙、美国青蛙。\r\n3、主要症状\r\n    焦躁不安，胃肠壁充血发炎，有腹水。\r\n4、流行情况\r\n全国各地都有发生，自蝌蚪直至成蛙均受害，主要发生在夏季。\r\n5、预防措施\r\n（1）养蛙场地、水体、工具及食台进行打扫、清洗、消毒。尤其是食台及工具要天天打扫，定期消毒。\r\n（2）加强饲养管理，投喂营养全面的优质饲料（不能投喂病死鱼、病死蛙、腐败变质的饲料等），定期泼洒益生菌，保持环境优良、稳定，将蛙养健壮。\r\n（3）在发病季节，每天投喂2次大蒜素，连喂3天。\r\n6、治疗方法\r\n（1）遍洒浓度为0.3mg/l三氯乙氰脲酸粉溶液；或其他含氯或含碘的消毒剂。泼2-3次，每次间隔1-2天。\r\n（2）每千克蛙体重、每日1次拌饵投喂乳酸诺氟沙星可溶性粉[规格（诺氟沙星计）：5%]15～20mg，连用3～5d；或其他国家规定的水产养殖用抗菌药物，如诺氟沙星粉等，但必须对症、对应使用。\r\n（3）疾病治愈后2天，应全池泼1次生石灰，将水调成弱碱性。再隔2天泼有益微生物，并继续做好预防工作。', 1, NULL, '2016-02-25 08:24:29'),
(20, '中华鳖病毒病', '病毒病', '4', '其他', ' \r\n1、病原\r\n中华鳖病毒。\r\n2、主要危害对象\r\n鳖。\r\n3、主要症状\r\n体表有出血点，出血性溃疡，肝、脾、胆肿大。\r\n4、流行情况\r\n全国各地都有发生，每年初春和夏末有两次发病高峰，死亡率高达60%以上。\r\n5、预防措施\r\n（1）养鳖场地、水体、工具、食台都要进行清扫、消毒。\r\n（2）严格执行检疫制度。\r\n（3）加强饲养管理，投喂营养全面、优质的饲料，保持环境优良、稳定，提高鳖体抵抗力。\r\n（4）注射中华鳖病毒细胞培养灭活疫苗，有良好的预防效果。', 1, NULL, '2016-02-25 08:24:29');

-- --------------------------------------------------------

--
-- 表的结构 `pn_diseasespid`
--

CREATE TABLE `pn_diseasespid` (
  `id` int(8) NOT NULL,
  `pname` varchar(20) NOT NULL,
  `pId` int(11) NOT NULL DEFAULT '0',
  `name` varchar(20) NOT NULL,
  `typeid` varchar(2) NOT NULL,
  `date` timestamp NOT NULL DEFAULT CURRENT_TIMESTAMP
) ENGINE=MyISAM DEFAULT CHARSET=utf8;

--
-- 转存表中的数据 `pn_diseasespid`
--

INSERT INTO `pn_diseasespid` (`id`, `pname`, `pId`, `name`, `typeid`, `date`) VALUES
(1, '寄生虫病', 0, '寄生虫病', '1', '2016-02-26 08:25:16'),
(2, '病毒病', 0, '病毒病', '1', '2016-02-26 08:25:16'),
(3, '真菌病', 0, '真菌病', '1', '2016-02-26 08:25:16'),
(4, '细菌病', 0, '细菌病', '1', '2016-02-26 08:25:16'),
(5, '非寄生性疾病及病因不明疾病', 0, '非寄生性疾病及病因不明疾病', '1', '2016-02-26 08:25:16'),
(6, '非生物性及其他病因不明疾病', 0, '非生物性及其他病因不明疾病', '2', '2016-02-26 08:25:16'),
(7, '病毒病', 0, '病毒病', '2', '2016-02-26 08:25:16'),
(8, '细菌病', 0, '细菌病', '2', '2016-02-26 08:25:16'),
(9, '真菌病', 0, '真菌病', '2', '2016-02-26 08:25:16'),
(10, '寄生虫病', 0, '寄生虫病', '2', '2016-02-26 08:25:16'),
(11, '寄生虫病', 0, '寄生虫病', '3', '2016-02-26 08:25:16'),
(12, '细菌病', 0, '细菌病', '3', '2016-02-26 08:25:16'),
(13, '病毒病', 0, '病毒病', '3', '2016-02-26 08:25:16'),
(14, '非寄生性疾病及病因不明疾病', 0, '非寄生性疾病及病因不明疾病', '3', '2016-02-26 08:25:16'),
(15, '非寄生性疾病及病因不明疾病', 0, '非寄生性疾病及病因不明疾病', '4', '2016-02-26 08:25:16'),
(16, '细菌病', 0, '细菌病', '4', '2016-02-26 08:25:16'),
(17, '真菌病', 0, '真菌病', '4', '2016-02-26 08:25:16'),
(18, '病毒病', 0, '病毒病', '4', '2016-02-26 08:25:16'),
(19, '寄生虫病', 0, '寄生虫病', '4', '2016-02-26 08:25:16');

-- --------------------------------------------------------

--
-- 表的结构 `pn_manager`
--

CREATE TABLE `pn_manager` (
  `uid` int(10) UNSIGNED NOT NULL COMMENT '会员ID',
  `status` tinyint(1) UNSIGNED NOT NULL DEFAULT '0' COMMENT '状态1,被冻结，0正常',
  `lastLoginDate` int(10) UNSIGNED NOT NULL DEFAULT '0' COMMENT '最后访问日期',
  `lastLoginIP` int(10) UNSIGNED NOT NULL DEFAULT '0' COMMENT '最后访问IP',
  `username` char(16) NOT NULL COMMENT '名称',
  `nickname` char(16) NOT NULL DEFAULT '' COMMENT '昵称',
  `salt` char(4) NOT NULL COMMENT '干扰码',
  `password` char(32) NOT NULL COMMENT '密码',
  `privgid` int(8) NOT NULL COMMENT '所属权限组id，对应admingroup:id',
  `issuper` tinyint(1) NOT NULL DEFAULT '0' COMMENT '是否超级管理员，0：否 1：是'
) ENGINE=MyISAM DEFAULT CHARSET=utf8 COMMENT='用户表' ROW_FORMAT=FIXED;

--
-- 转存表中的数据 `pn_manager`
--

INSERT INTO `pn_manager` (`uid`, `status`, `lastLoginDate`, `lastLoginIP`, `username`, `nickname`, `salt`, `password`, `privgid`, `issuper`) VALUES
(1001, 0, 0, 0, 'admin', '管理员', '8fd6', 'b410b1009da19c734664d4f91791a8ee', 3, 0),
(1002, 0, 0, 0, 'richard', 'Richard', '4b5s', 'd5464aff7ebe70fe9fd375339db91564', 0, 1),
(1004, 0, 0, 0, 'bigger', 'BigWang', 'wd2p', '0db8e7fa929e9cc13ace3fab3250be98', 3, 0),
(1005, 0, 0, 0, 'lotus', '新用户', 'pd8n', 'e3e7bbd7356034ab21e58b8a789789f8', 3, 0),
(1006, 0, 0, 0, 'ttddfff', 'ee33s', 'dnpn', '532df0cf03563c0afd14e21c60fa8c5a', 3, 0),
(1007, 0, 0, 0, 'fdsa', '', '3s6a', '176a03a182fee032600b474d1b6a3fda', 3, 0),
(1013, 0, 0, 0, 'test000', 'test000', 'z55f', '1c3fde52968b8c68b0a06b9a5571c9fe', 2, 0),
(1011, 0, 0, 0, 'test123', 'test123', 'zsbd', '904ce3dd02b02ddff147dbf92b31e279', 5, 0);

-- --------------------------------------------------------

--
-- 表的结构 `pn_message`
--

CREATE TABLE `pn_message` (
  `id` int(8) UNSIGNED NOT NULL,
  `content` text NOT NULL,
  `from_userid` int(8) NOT NULL COMMENT '发出消息用户',
  `to_userid` varchar(20) NOT NULL COMMENT '消息接收用户',
  `date` timestamp NOT NULL DEFAULT CURRENT_TIMESTAMP ON UPDATE CURRENT_TIMESTAMP,
  `reportid` varchar(100) NOT NULL COMMENT '用户报告链接'
) ENGINE=MyISAM DEFAULT CHARSET=utf8;

-- --------------------------------------------------------

--
-- 表的结构 `pn_news`
--

CREATE TABLE `pn_news` (
  `id` int(8) UNSIGNED NOT NULL,
  `title` varchar(100) NOT NULL COMMENT '文章标题',
  `type` varchar(20) NOT NULL,
  `author` varchar(20) NOT NULL,
  `date` timestamp NOT NULL DEFAULT CURRENT_TIMESTAMP ON UPDATE CURRENT_TIMESTAMP,
  `content` text NOT NULL,
  `province` varchar(20) NOT NULL COMMENT '新闻所属省份',
  `status` tinyint(1) NOT NULL DEFAULT '1' COMMENT '1为上架;2为下架',
  `isdel` timestamp NULL DEFAULT NULL
) ENGINE=MyISAM DEFAULT CHARSET=utf8;

--
-- 转存表中的数据 `pn_news`
--

INSERT INTO `pn_news` (`id`, `title`, `type`, `author`, `date`, `content`, `province`, `status`, `isdel`) VALUES
(1, '习近平明起出访沙特埃及伊朗', '工作动态', 'admin', '2016-02-22 06:59:26', '京华时报讯新年伊始，中国元首第一场外交大戏登场。从明天起至23日，应沙特阿拉伯王国国王萨勒曼、阿拉伯埃及共和国总统塞西、伊朗伊斯兰共和国总统鲁哈尼邀请，国家主席习近平将对上述三国进行国事访问，这是十三五开局之年中国外交的开篇之作。也是西亚北非动荡五年来，中国最高领导人首次访问这一地区。\r\n　　访问期间，习主席将分别与中东三国领导人会谈会晤，谋划双边关系未来发展蓝图，见证经贸能源、科技、金融等多个领域合作协议的签署，就中东局势的和平稳定进一步提出中国主张、中国方案并将面向地区国家提出一系列合作举措，十八大以来，习主席足迹遍布五洲，全方位布局中国特色大国外交，此次中东之行将为完善全覆盖外交格局添上关键一环。\r\n　　中东被称为“三洲五海之地”，是中国的大周边，也是国际上备受关注的热点地区。资料显示，埃及是最早同新中国建交的阿拉伯和非洲国家，伊朗与中国友谊和合作源远流长，沙特则连续十余年成为中国在阿拉伯地区最大的贸易伙伴。', '', 1, NULL),
(2, '专家：南沙属中国无可争辩 英军档案有证据', '政策法规', 'admin', '2016-02-22 06:59:30', '据新华社报道，今年1月6日，中国政府征用的两架民航客机先后从海口美兰机场起飞，经过近2小时的飞行，于10时21分、10时46分平稳降落南沙永暑礁新建机场并于当日下午返回海口，试飞成功。永暑礁新建机场位于我国南沙永暑礁上，是我国目前最南端的一座机场。该报道同时指出，试飞活动引起美国、日本以及周边国家的关注，越南当局还公开表示抗议，因为3000米跑道也可起降战机。基于此，中国外交部强调，有关活动完全是中方主权范围内的事情。中国对南沙群岛及其附近海域拥有无可争辩的主权。\r\n　　 众所周知，南海诸岛自古以来就是中国的一部分。据《汉书·地理志》记载，早在秦汉时期，中国先民便从广东的“徐闻、合浦”港口出发，前往南海活动，进行开发。由“徐闻、合浦”到南海各岛皆有针路可达(相当于今天的交通图)，南海诸岛的许多岛屿最早就是由中国先民发现、命名和开发的。据可靠史料记载，南海诸岛在唐代就已列入中国的版图。明代也将南海纳入行政管辖，派官员去巡视。郑和七下西洋，其中一项任务就是巡视南海诸岛，也就是今天国际法意义上的宣示主权。南海诸岛中的许多岛屿就是由郑和及其随员首先发现、命名和开发的。\r\n　　 中国人在南海诸岛活动的事实，不仅有大量的中国史料记载，而且也不乏外国史料供佐证。据加拿大《明报》去年10月28日报道称，英国商船在1637年抵达广州。300多年以来，英国人留下大量航海记录，其中包括穿越南中国海各岛礁浅滩的航行记录，这些记录都显示，只有中国渔民遍布南中国海各岛礁。报导还引述1879年出版的英国皇家海军档案《中国海航行指南》(The China Sea Directory)。该《指南》第二卷第65页有关郑和群礁(TIZARD BANK，with REEFS and ISLANDS)的章节提到：“在大多数岛屿上都可以看到海南渔民 (Hainan fishermen) ，他们以采集海参以及龟壳作为生计。其中一些人在这些岛礁上生活了几年。来自海南岛的中国帆船每年都会前来这些岛礁，为他们供应大米以及其他生活必需品，而渔民则以海参和其他产品作为交换，并把所赚的钱寄回家。这些中国帆船在12月或1月离开海南岛，等到西南季风吹动之时便立刻返航。太平岛(Itu Aba) 居住的渔民比生活在其他岛礁上更舒适，因该岛的淡水井的水质比其他地方为佳。”', '', 1, NULL),
(3, '女生公交上遭眼镜男摸大腿 裤袜上有不明液体', '预测预报', 'test', '2016-02-22 07:21:16', '金报讯 (记者叶萌茗) “就在刚才北仑756路公交车惊现猥琐大叔一枚，光天化日对女生做出这种行为，女性同胞小心了，求转发求扩散。”昨日下午，网友@宁波壕在新浪微博上爆料说，大白天的，自己的妹妹居然在公交车上遭遇尴尬一幕。\r\n　　网友爆料：姑娘公交车上遭遇猥琐男\r\n　　发帖的这位网友@宁波壕，他姓王，是受害人的姐夫，由于受害的姑娘不愿意透露其身份和姓名，也不愿意接受记者采访，所以，由其姐夫王先生出面讲述事发的全过程。\r\n　　原来，昨日中午12点25分左右，受害的姑娘小A(化名)从宁波第一医院公交站上车，乘坐756路公交车准备前往北仑。\r\n　　小A突然发现，自己的大腿裤袜上湿乎乎的，有不明液体。', '', 1, NULL),
(4, '来自中国重庆一女留学生美国被追尾 涉事嫌犯将其枪杀', '工作动态', 'admin', '2016-02-22 06:59:36', '【环球网综合报道】16日下午，美国亚利桑那州天丕市发生一起追尾车祸，被撞车辆的驾车人系一名中国女留学生，该女生随后被涉嫌肇事的32岁的戴维斯(Holly Davis)枪杀身亡。当地学生会组织及侨团代表均感震惊与愤慨，表示将采取行动，要求司法部门还受害人一个公道。\r\n　　据美国侨报网1月17日消息，亚利桑那州天丕(Tempe)市警局发言人普勒(Michael Pooley)17日证实，16日下午3时由于当地一起车祸引发的枪击命案中的受害人是一名来自中国的女性国际留学生。32岁的女嫌犯戴维斯已被警方逮捕。目前，警方已通过中国驻洛杉矶总领馆通知了受害人在中国国内的亲属。当地警方证实受害人为19岁的中国女留学生江玥(Yue Jiang，译音)。\r\n　　根据警方提供的信息，16日下午3时许，在天丕市Broadway大街与McClintock路的交叉路口处有两辆轿车发生碰撞，之后其中有辆车的女驾车人，即嫌犯，32岁的戴维斯，便下了车并向车祸中的另一辆车连续射击，导致另一辆车的女驾车人中弹。\r\n　　中弹女驾车人由于受伤失控，其车辆撞上了第三辆内有5名乘客的轿车。遭嫌犯枪击的女驾车人即是来自中国的国际留学生，由于伤势过重，这名中国学生在医院身亡。第三辆车中的5人均受轻伤，其中包括一名孕妇，及3名儿童，为防止发生意外，这5人均被送往医院观察。', '', 1, NULL),
(5, '郑海麟：大陆不能因民进党胜选而自乱阵脚', '工作动态', 'admin', '2016-02-24 08:16:46', '民进党有可能调整对“九二共识”态度\r\n　　民进党在台湾“总统”和“立委”选举中大胜，即将“全面执政”。民进党选前强调推动《两岸协议监督条例》立法，而要证明有能力处理两岸关系，则《两岸协议监督条例》是否立法、如何立法，或许可作为观察指标。民进党大致认为，大陆不会贸然中断两岸协议的施行，而且民进党基于执政的方便，可能会在《两岸协议监督条例》释出善意，有利两岸协议的落实甚至签订，以维持两岸关系的和平稳定发展现状。\r\n　　但毕竟“九二共识”是大陆坚持的前提，若民进党不接受“九二共识”，协议的落实乃至于签订都不可能;所以，民进党还是有可能调整对于“九二共识”的态度，譬如民进党提的“中华民国现行宪政体制”，除包括“宪法”内文、增修条文、相关“宪政”释文、法官判决、当局与人民的相关运用之外，更可暗示“宪法”第四条与增修条文前言的“一个中国”想象。\r\n　　当然，大陆还是相当在意民进党1991年制定的台独党纲，而废除或冻结台独党纲涉及民进党历史的立场，机率并不大，但以新决议文凌驾1999年的“台湾前途决议文”，尤其是2007年的“正常国家决议文”较有可能，例如以“中华民国宪法”为基础的新决议文;不过要到类似国民党“一中各表”的程度，还需更多压力。', '11,15,28', 1, NULL),
(6, '新年“首虎”洛阳书记陈雪枫从小吃百家饭长大', '政策法规', 'test', '2016-02-22 06:59:42', '河南落马"老虎"陈雪枫去年年初连续登三家央媒\r\n　　河南省委常委、洛阳市委书记陈雪枫涉嫌严重违纪，目前正接受组织调查。公开资料显示，这也是今年中央纪委通报的首位省部级落马官员。\r\n　　“落马”前曾频繁亮相\r\n　　昨天出版的《洛阳日报》报道，1月15日，洛阳市委扶贫开发工作会议召开，北京青年报记者注意到，陈雪枫出席会议并作重要讲话。他提出，扶贫开发是我们必须肩负的使命担当，贫困地区发展是建设名副其实中原经济区副中心城市必须补齐的最大短板，实现如期脱贫是“十三五”必须完成的硬任务。\r\n　　本月13日晚上，陈雪枫还在洛阳歌剧院观看了豫剧《北魏孝文帝》，并接见了演职人员。', '', 1, NULL),
(7, '印度组建首支500人边界女警部队 将驻守中印边界', '预测预报', 'admin', '2016-02-24 05:31:32', '', '', 1, NULL),
(28, '111', '工作动态', '管理员', '2016-02-26 04:49:03', '&lt;p&gt;cgmvg&lt;/p&gt;\r\n', '12,24,36', 1, '2016-02-26 04:49:03'),
(29, 'dfvdnnnn', '工作动态', '管理员', '2016-02-26 07:52:23', '&lt;p&gt;ghgv,v,v,v,&lt;/p&gt;\r\n', '', 1, NULL),
(8, '美媒：台可买鹞式战机防大陆来袭 台仍想要F35', '政策法规', 'admin', '2016-02-24 05:33:22', '据美国《防务新闻》网站16日报道，随着美国海军陆战队开始用F-35B隐身战机更换AV-8“鹞”式喷气战斗机，台湾将有机会购买后者的翻新版本。报道援引美国政府消息人士的话称，台湾将通过归美国国防安全合作局主管的“冗余国防条款”(EDA)项目获得此类装备。\n　　报道称，AV-8“鹞”式战机将满足台湾急需的垂直/短距起降要求。一旦两岸开战，在短短数小时内，中国大陆有望利用约1400枚短程弹道导弹摧毁台空军基地，而AV-8的短距起飞能力将使台湾空军凭借隐藏在内陆山区的该型战机保持作战能力。\n　　一名在台湾工作的美国国防产业分析师表示，这是一个“好主意”，但美国海军陆战队的AV-8“太破旧，以至于鲜有可持续服役价值，至少是不经过某些代价极高的结构性更新和航电设备升级，将没有继续服役的价值。”报道称，台军并不热衷于购买AV-8，而是仍在顶着巨大压力继续求购F-35B战机。', '', 1, NULL),
(9, '日本专家：沉迷游戏、动漫将使人性冷淡', '工作动态', 'admin', '2016-02-22 07:25:26', '再玩游戏啊，小心你对“性”越来越无感。根据调查显示，在日本居然有21%的年轻人，对于“那件事”越来越无感，日本中央大学社会学教授Masahiro Yamada也表示，年轻人对恋爱不感兴趣的结果就是年轻人爱上了电子游戏，认为谈恋爱事件“麻烦事”。\r\n　　 2015年Cabinet Office做了一项研究，调查了7000名20到30多岁的日本人，发现40%的单身人士在二十多岁的时候不想谈恋爱。', '', 1, NULL),
(10, '大学生把典当行当保险柜：21元可保管一个月(图)', '预测预报', '冯一一', '2016-02-24 03:12:47', '还有几天就要放寒假了，不少大学生又在为放假后贵重物品如何保管而纠结。\r\n　　然而成都某大学的大三学生小马却很“淡定”，他在新浪微博@我的新闻，得意地分享他的“高招”——把笔记本电脑拿去典当行当了。而且，6800元买的电脑，他只打算当500元。\r\n　　找不到地方放，就拿去当了？这个人究竟葫芦里卖的什么药？“我的新闻”记者实在是好奇，于是跟着他跑了一趟典当行，也由此发现了不少典当行的“另类用途”。\r\n　　他拿典当行当“保险柜”\r\n　　“21元就能保管一个月”\r\n　　1月16日，记者跟着小马来到南门的一家典当行。柜台前，小马从背包里拿出一台银白色的笔记本电脑，“你好，我想把这台电脑典当在这里。”\r\n　　评估师苏旭打开电脑，查看了配置、内存，又盖上电脑，翻来覆去看了又看，给了一个价：可以典当2800元。没有犹豫，小马立马回答：“不用，500元就可以了。”价格谈妥，在核实小马确实是该电脑的主人后，苏旭为其办理了典当手续。\r\n　　几分钟后，小马顺利拿到500元钱和一张当据。一个月后，凭着这张当据，缴了利息，他就可以赎回电脑。\r\n　　这台笔记本电脑，刚买不到一年，当时买成6800元却只当500元。不要以为他“傻”，相反，这才是真的精打细算。根据《典当管理办法》，电脑这类动产 质押典当的月综合费率不超过当金的4.2%，这样算下来，一个月后，小马取回电脑时，只用交21元。“就相当于保管费了。”\r\n　　把电脑当了，并不是急需用钱，只是为了找个地方保管。“寒假放在宿舍，不放心，带回家，又嫌麻烦，拿来典当行，21元就能解决问题。”小马说。\r\n　　“我”打听\r\n　　不是想当就能当电子产品典当期最多3个月\r\n　　像小马一样，把典当行当做临时保险柜的，还不少。“每年寒暑假，都会接到好几笔大学生典当电脑的业务。”万和路一家典当行的业务经理谢娟娟说。\r\n　　不只是电脑，不少人也愿意将车拿到典当行来“保管”。在好几年前，四川某高校的何老师就这样尝试过。回老家过年，何老师担心将爱车停在小区的露天停车场被刮花，于是，在朋友的介绍下，她来到了当时位于大石路的一家典当行，将车“当”在那里。\r\n　　当然，这个“保险柜”可不是什么东西都可以放进去的。谢娟娟遇到过最“稀奇”的典当物——一套不粘锅。“当时客人说，这个锅用了最新的技术和材质，要值 四五千，不过，我们无法鉴定，所以无法典当。”类似的还有空气净化器、电马儿、自行车等。“但据我了解，暂时还没有典当行受理这些物品。”\r\n　　值得注意的是，这个“保险柜”也是有时限的。以小马的笔记本电脑为例，其典当期一般不超过3个月。“数码产品的更新换代太快了，时间久了，如果‘绝当’，就不好处理了。”谢娟娟说。', '', 1, NULL);

-- --------------------------------------------------------

--
-- 表的结构 `pn_report`
--

CREATE TABLE `pn_report` (
  `id` int(8) UNSIGNED NOT NULL,
  `uuid` varchar(60) NOT NULL COMMENT '生成报告的唯一ID',
  `tmp_id` varchar(60) NOT NULL COMMENT '临时产生的路径id',
  `img` varchar(1000) NOT NULL COMMENT '上传图片路径',
  `from_userid` int(8) UNSIGNED NOT NULL COMMENT '用户ID',
  `to_userid` int(8) UNSIGNED NOT NULL COMMENT '专家ID',
  `classid` int(8) NOT NULL COMMENT '诊断品种id（CLASS表）',
  `size` varchar(20) NOT NULL COMMENT '个体大小',
  `area` varchar(20) NOT NULL COMMENT '养殖面积',
  `unit` varchar(10) NOT NULL COMMENT '养殖面积单位',
  `deep` varchar(20) NOT NULL COMMENT '水深',
  `water_desc` text NOT NULL COMMENT '水环境描述',
  `disease_desc` text NOT NULL COMMENT '疾病描述',
  `date` timestamp NOT NULL DEFAULT CURRENT_TIMESTAMP ON UPDATE CURRENT_TIMESTAMP
) ENGINE=MyISAM DEFAULT CHARSET=utf8;

--
-- 转存表中的数据 `pn_report`
--

INSERT INTO `pn_report` (`id`, `uuid`, `tmp_id`, `img`, `from_userid`, `to_userid`, `classid`, `size`, `area`, `unit`, `deep`, `water_desc`, `disease_desc`, `date`) VALUES
(108, 'b655e419-e690-4a5e-9a7a-d464e4d93c02', '68_report_20160218163512', 'ADf.jpg,get.jpg,xdzfbb.jpg,xgngn.jpg,xgnnnn.jpg,xnn.jpg,zdbf', 68, 3, 13, 'ZXBC', 'XZ', '亩', 'ZXCV', 'B', 'B', '2016-02-18 08:39:22'),
(107, '12c4be23-50aa-4da2-9838-62a856150391', '68_report_20160218163512', 'ADf.jpg,get.jpg,xdzfbb.jpg,xgngn.jpg,xgnnnn.jpg,xnn.jpg', 65, 4, 13, 'zb', 'xdd', '亩', 'zb', 'B', 'XFB', '2016-02-18 09:07:30'),
(106, '69ed3bf0-3ce0-4d7c-b1e9-408a22de7fd7', '68_report_20160218134320', 'Chrysanthemum.jpg,Desert.jpg,Hydrangeas.jpg,Jellyfish.jpg', 65, 3, 13, 'zsbf', 'zdxbf', '亩', 'zbf', 'fbx', 'zdfb', '2016-02-18 09:07:36'),
(105, '059747a6-18df-43a5-99a9-7bdab09e1bf4', '68_report_20160218111700', 'Chrysanthemum.jpg,Desert.jpg,Hydrangeas.jpg,Jellyfish.jpg,Ko', 68, 4, 13, 'xfn', 'xn', '亩', 'xn', 'b', 'b', '2016-02-18 09:07:40'),
(109, 'b8a8300e-3c21-4951-9a17-79ea6140010b', '68_report_20160218163512', 'ADf.jpg,get.jpg,xdzfbb.jpg,xgngn.jpg,xgnnnn.jpg,xnn.jpg,zdbfzb.jpg,zdbzb.jpg,zdfbbf.jpg,zdfbzb.jpg', 68, 3, 13, 'zb', 'dzfb', '亩', 'zdb', 'dbf', 'xbf', '2016-02-18 08:44:25'),
(110, '578aea62-b967-44d2-a0fd-249a42733ca2', '68_report_20160219104134', 'ADf.jpg,get.jpg,xdzfbb.jpg,xgngn.jpg,xgnnnn.jpg,xnn.jpg,zdbfzb.jpg,zdbzb.jpg,zdfbbf.jpg,zdfbzb.jpg', 68, 3, 13, 'zdfb', 'zdfb', '亩', 'zdfb', '', '', '2016-02-19 02:41:54'),
(111, 'eba46c6b-003d-4977-80ac-f3ae5de4becd', '70_report_20160219134141', 'ADf.jpg,get.jpg,xdzfbb.jpg,xgngn.jpg,xgnnnn.jpg,xnn.jpg,zdbfzb.jpg,zdbzb.jpg,zdfbbf.jpg,zdfbzb.jpg', 70, 3, 13, 'xgn', 'xfgn', '亩', 'xn', 'zdbf', 'zdbf', '2016-02-19 05:42:04');

-- --------------------------------------------------------

--
-- 表的结构 `pn_role`
--

CREATE TABLE `pn_role` (
  `id` int(8) UNSIGNED NOT NULL,
  `groupname` varchar(100) NOT NULL COMMENT '管理员组名',
  `groupdesc` varchar(500) NOT NULL COMMENT '管理员组描述',
  `priv` text NOT NULL COMMENT '管理员组权限',
  `isban` tinyint(1) NOT NULL DEFAULT '0' COMMENT '是否冻结 0：正常 1：冻结'
) ENGINE=MyISAM DEFAULT CHARSET=utf8 COMMENT='该表用于记录后台管理员权限组';

--
-- 转存表中的数据 `pn_role`
--

INSERT INTO `pn_role` (`id`, `groupname`, `groupdesc`, `priv`, `isban`) VALUES
(1, '测试用户', '测试用户，拥有部分浏览权限', '1_1_0,1_1_1,1_1_2,1_1_3,1_1_4,1_2_0,1_2_1,1_2_2,1_2_3,1_3_0,1_3_1,1_3_2,2_0,2_1', 0),
(2, '文章编辑人员', '负责文章分类和编辑的人员', '5_1_0,5_1_1,5_1_2,5_1_3,5_2_0,5_2_1,5_2_2,5_2_3,5_2_4,5_2_5,10_1_1', 0),
(3, '管理员组', '拥有所有权限的管理员', '1_1_0,1_1_1,1_1_2,1_1_3,1_1_4,1_2_0,1_2_1,1_2_2,1_2_3,1_2_4,1_3_0,1_3_1,1_3_2,1_3_3,1_3_4,2_0,2_1,2_2,2_3,2_4,3_0,9_1_0,9_1_1,9_1_2,9_1_3,9_1_4,9_1_5,9_2_0,9_2_1,9_2_2,9_2_3,9_2_4,9_2_5', 0),
(4, '专家', '具有查看用户留言等权限', '1_1_0,1_1_1,1_2_0,1_2_1,9_1_0,9_1_1', 0),
(5, '普通用户', '在前台留言等权限', '', 0),
(6, '业务测试', '业务测试', '9_1_0,9_1_1,9_1_2,9_1_3,9_1_4,9_1_5,9_2_0,9_2_1,9_2_2,9_2_3,9_2_4,9_2_5', 0);

-- --------------------------------------------------------

--
-- 表的结构 `pn_tmpid`
--

CREATE TABLE `pn_tmpid` (
  `id` int(6) NOT NULL,
  `tmp_id` varchar(60) NOT NULL,
  `names` varchar(200) NOT NULL,
  `time` timestamp NOT NULL DEFAULT CURRENT_TIMESTAMP ON UPDATE CURRENT_TIMESTAMP
) ENGINE=InnoDB DEFAULT CHARSET=utf8;

--
-- 转存表中的数据 `pn_tmpid`
--

INSERT INTO `pn_tmpid` (`id`, `tmp_id`, `names`, `time`) VALUES
(215, '70_report_20160219134141', '', '2016-02-19 05:42:08'),
(216, '_report_20160224131634', '', '2016-02-24 05:16:34'),
(217, '_report_20160225091552', '', '2016-02-25 01:15:52'),
(218, '_report_20160302101408', '123.png,get.jpg', '2016-03-02 02:29:02'),
(219, '_report_20160302101939', 'get.jpg', '2016-03-02 02:19:46');

-- --------------------------------------------------------

--
-- 表的结构 `pn_user`
--

CREATE TABLE `pn_user` (
  `userid` int(8) UNSIGNED NOT NULL,
  `username` varchar(20) NOT NULL,
  `password` varchar(100) NOT NULL,
  `truename` varchar(20) NOT NULL,
  `type` tinyint(1) NOT NULL DEFAULT '0' COMMENT '0为普通用户；1为专家',
  `date` timestamp NOT NULL DEFAULT CURRENT_TIMESTAMP COMMENT '帐户创建时间',
  `login_date` timestamp NULL DEFAULT NULL COMMENT '账户最新登录时间',
  `phone` varchar(15) NOT NULL,
  `mail` varchar(15) NOT NULL,
  `province` varchar(10) NOT NULL,
  `city` varchar(10) NOT NULL,
  `address` varchar(100) NOT NULL,
  `img` varchar(60) NOT NULL COMMENT '个人照片',
  `skilled` varchar(100) NOT NULL COMMENT '擅长的物种',
  `job_unit` varchar(60) NOT NULL COMMENT '工作单位',
  `job` varchar(20) NOT NULL COMMENT '工作职称',
  `intro` text NOT NULL COMMENT '个人介绍',
  `status` tinyint(1) NOT NULL DEFAULT '0' COMMENT '0为正常；1为冻结',
  `isdel` timestamp NULL DEFAULT NULL
) ENGINE=MyISAM DEFAULT CHARSET=utf8 COMMENT='用户专家表';

--
-- 转存表中的数据 `pn_user`
--

INSERT INTO `pn_user` (`userid`, `username`, `password`, `truename`, `type`, `date`, `login_date`, `phone`, `mail`, `province`, `city`, `address`, `img`, `skilled`, `job_unit`, `job`, `intro`, `status`, `isdel`) VALUES
(68, 'test123456', '670b14728ad9902aecba32e22fa4f6bd', '吕不韦', 0, '2016-02-01 06:39:23', '2016-02-25 05:05:31', '00000000000', '', '', '', '', '', '', '', '', '', 0, '2016-03-01 00:44:32'),
(3, 'test001', 'e10adc3949ba59abbe56e057f20f883e', '李虹', 1, '2016-01-19 01:05:31', '0000-00-00 00:00:00', '13815881588', 'fff@126.com', '江苏省', '苏州市', '人民路1号', '', '草鱼,黑鱼,鲢鱼,大黄鱼', '苏州市水产技术推广站', '研究员', '李虹，男， 1985年毕业于湛江水产学院（现广东海洋大学）养殖系淡水渔业专业，获学士学位，2000年-2003年在西南农业大学(先西南大学)读研究生，获硕士学位。重庆市第二、三届政协委员，现任：重庆市渝中区政协副主席，享受国务院政府津贴专家，重庆市学术技术带头人，重庆市“322”人才工程2层次人选；重庆市工程系列高级技术职务评审委员会委员，中国水产学会科普委员会委员，重庆水产学会副理事长（兼秘书长', 0, NULL),
(4, 'test002', '4693fbb215b8ca15a6900f0cfa164cdc', '樊海平', 1, '2016-01-19 01:08:23', '0000-00-00 00:00:00', '13915881599', 'ppp@126.com', '福建省', '福州市', '吴中大道001号', '', '鳙鱼,鲢鱼,石斑鱼,对虾,大黄鱼,黑鱼', '福建省淡水水产研究所', '研究员', '樊海平，男，1967 年5月生，江苏武进人。1993年7月毕业于青岛海洋大学水产学院水产养殖专业，获农学硕士学位，分配至福建省淡水水产研究所鱼病研究室工作至今，主要从事水产养殖动物病害防治技术研究和推广工作。现任水产动物病害研究室主任，研究员。现任社会职务：中国兽药典委员会委员、中国水产学会鱼病委员会委员、福建水产学会鱼病专业委员会副主任委员、全国水产技术推广总站咨询专家、农业部渔业局对外贸易跟踪。', 0, NULL),
(65, 'lfb000000', '123456', '张亮', 0, '2016-02-01 06:25:59', '2016-02-01 06:26:12', '123456789111', '', '', '', '', '', '', '', '', '', 0, NULL),
(69, 'lfb123', '670b14728ad9902aecba32e22fa4f6bd', '海子', 0, '2016-02-17 07:12:22', '2016-02-17 07:12:31', '0000000000000', '', '', '', '', '', '', '', '', '', 0, NULL),
(70, 'lfb147', '670b14728ad9902aecba32e22fa4f6bd', '冯一一', 0, '2016-02-19 05:41:21', '2016-02-19 05:41:30', '00000000000', '', '', '', '', '', '', '', '', '', 0, NULL),
(122, 'pppppp', '670b14728ad9902aecba32e22fa4f6bd', 'vdvd', 1, '2016-03-03 01:14:17', '2016-03-03 01:15:10', 'dvdv', 'dvdv', '', '', '', 'professor/20160303091403.jpg', 'dvdv', 'dvdv', 'dvdv', 'dvdv', 0, NULL);

--
-- Indexes for dumped tables
--

--
-- Indexes for table `pn_class`
--
ALTER TABLE `pn_class`
  ADD PRIMARY KEY (`classid`);

--
-- Indexes for table `pn_diseases`
--
ALTER TABLE `pn_diseases`
  ADD PRIMARY KEY (`id`);

--
-- Indexes for table `pn_diseasespid`
--
ALTER TABLE `pn_diseasespid`
  ADD PRIMARY KEY (`id`);

--
-- Indexes for table `pn_manager`
--
ALTER TABLE `pn_manager`
  ADD PRIMARY KEY (`uid`);

--
-- Indexes for table `pn_message`
--
ALTER TABLE `pn_message`
  ADD PRIMARY KEY (`id`);

--
-- Indexes for table `pn_news`
--
ALTER TABLE `pn_news`
  ADD PRIMARY KEY (`id`);

--
-- Indexes for table `pn_report`
--
ALTER TABLE `pn_report`
  ADD PRIMARY KEY (`id`);

--
-- Indexes for table `pn_role`
--
ALTER TABLE `pn_role`
  ADD PRIMARY KEY (`id`);

--
-- Indexes for table `pn_tmpid`
--
ALTER TABLE `pn_tmpid`
  ADD PRIMARY KEY (`id`);

--
-- Indexes for table `pn_user`
--
ALTER TABLE `pn_user`
  ADD PRIMARY KEY (`userid`);

--
-- 在导出的表使用AUTO_INCREMENT
--

--
-- 使用表AUTO_INCREMENT `pn_class`
--
ALTER TABLE `pn_class`
  MODIFY `classid` int(8) UNSIGNED NOT NULL AUTO_INCREMENT, AUTO_INCREMENT=19;
--
-- 使用表AUTO_INCREMENT `pn_diseases`
--
ALTER TABLE `pn_diseases`
  MODIFY `id` int(8) UNSIGNED NOT NULL AUTO_INCREMENT, AUTO_INCREMENT=35;
--
-- 使用表AUTO_INCREMENT `pn_diseasespid`
--
ALTER TABLE `pn_diseasespid`
  MODIFY `id` int(8) NOT NULL AUTO_INCREMENT, AUTO_INCREMENT=21;
--
-- 使用表AUTO_INCREMENT `pn_manager`
--
ALTER TABLE `pn_manager`
  MODIFY `uid` int(10) UNSIGNED NOT NULL AUTO_INCREMENT COMMENT '会员ID', AUTO_INCREMENT=1014;
--
-- 使用表AUTO_INCREMENT `pn_message`
--
ALTER TABLE `pn_message`
  MODIFY `id` int(8) UNSIGNED NOT NULL AUTO_INCREMENT;
--
-- 使用表AUTO_INCREMENT `pn_news`
--
ALTER TABLE `pn_news`
  MODIFY `id` int(8) UNSIGNED NOT NULL AUTO_INCREMENT, AUTO_INCREMENT=30;
--
-- 使用表AUTO_INCREMENT `pn_report`
--
ALTER TABLE `pn_report`
  MODIFY `id` int(8) UNSIGNED NOT NULL AUTO_INCREMENT, AUTO_INCREMENT=112;
--
-- 使用表AUTO_INCREMENT `pn_role`
--
ALTER TABLE `pn_role`
  MODIFY `id` int(8) UNSIGNED NOT NULL AUTO_INCREMENT, AUTO_INCREMENT=7;
--
-- 使用表AUTO_INCREMENT `pn_tmpid`
--
ALTER TABLE `pn_tmpid`
  MODIFY `id` int(6) NOT NULL AUTO_INCREMENT, AUTO_INCREMENT=220;
--
-- 使用表AUTO_INCREMENT `pn_user`
--
ALTER TABLE `pn_user`
  MODIFY `userid` int(8) UNSIGNED NOT NULL AUTO_INCREMENT, AUTO_INCREMENT=123;
/*!40101 SET CHARACTER_SET_CLIENT=@OLD_CHARACTER_SET_CLIENT */;
/*!40101 SET CHARACTER_SET_RESULTS=@OLD_CHARACTER_SET_RESULTS */;
/*!40101 SET COLLATION_CONNECTION=@OLD_COLLATION_CONNECTION */;
